{"cameraMode":{"drawMode":0,"name":"Shaded","section":"Shading Mode"},"sceneLighting":true,"audioPlay":false,"sceneViewState":{"showFog":true,"showMaterialUpdate":true,"showSkybox":true,"showFlares":true,"showImageEffects":true,"showParticleSystems":true},"in2DMode":false,"pivot":{"x":-4.141898155212402,"y":-0.9117879867553711,"z":0.2976689338684082},"rotation":{"x":0.3844131529331207,"y":-0.12404976785182953,"z":0.052213381975889209,"w":0.9132983088493347},"size":5.732504367828369,"orthographic":false}